"Student Name: Caronan, Marcial Lawrence Jr V.",,,,,,,,,
Year / Section: 4th year BSIT Set A,,,,,,,,,
"Date: September 17, 2026",,,,,,,,,
,,,,,,,,,
Main Student Tasks,,,,,,,,,
,,,,,,,,,
1. Inspect and clean the raw data,,,,,,,,,
"I checked all columns in the Raw_Data sheet row by row to look for typing errors, incorrect formatting, or strange characters. I used Excel's Filter tool on the header row to review the values in each column and make sure everything looked correct and clean.",,,,,,,,,
,,,,,,,,,
2. Identify and handle missing values,,,,,,,,,
"I used Excel’s Go To Special then Blanks feature to instantly find any missing or empty cells in the spreadsheet. Once located, I filled in the missing values properly (such as entering zeroes or placeholder text) so they wouldn't mess up my calculations.",,,,,,,,,
,,,,,,,,,
3. Calculate descriptive statistics,,,,,,,,,
Descriptive Statistic,,,,,,,,,
Values,Total,Average,Median,Minimum,Maximum,,,,
Customer Age,1331,26.62,27.5,17,35,,,,
Sales,9690,193.8,202.5,65,365,,,,
Internet Hours,199,3.98,4,1,8,,,,
Printing Pages,415,8.3,9.5,0,15,,,,
Scanning Pages,180,3.6,3.5,0,7,,,,
,,,,,,,,,
"4 Calculate total, mean, median, minimum, and maximum sales.",,,,,,,,,
,,,,,,,,,
Sale Statistic,,,,,,,,,
Total,9690,,,,,,,,
Mean,193.8,,,,,,,,
Median,202.5,,,,,,,,
Minimum,65,,,,,,,,
Maximum,365,,,,,,,,
,,,,,,,,,
5. Compare student vs. non-student customers,,,,,,,,,
,,,,,,,,,
Costumers,Total Costumers,Total Sales,Average Sale,Internet Hours,Printing Page,Scanning Page,Gaming,Non-Gaming,Average Costumer Age
Students,38,7370,193.9473684,152,312,141,10,28,26.86842105
Non-Students,12,2320,193.3333333,47,103,39,4,8,25.83333333
,,,,,,,,,
6. Analyze sales by day of the week,,,,,,,,,
Days of Week,Sum of Total_Sales,,,,,,,,
Sun,1500,,,,,,,,
Mon,1500,,,,,,,,
Tue,1410,,,,,,,,
Wed,1215,,,,,,,,
Thu,1305,,,,,,,,
Fri,1450,,,,,,,,
Sat,1310,,,,,,,,
(blank),,,,,,,,,
Grand Total,9690,,,,,,,,
"Monday and Sunday has the Highest Sales of the week, while Wednesday has the lowest Sales",,,,,,,,,
,,,,,,,,,
7. Determine the highest-revenue service,,,,,,,,,
Highest Service Revenue,,,,,,,,,
Printing Pages: ,415,,,,,,,,
Scanning Pages: ,180,,,,,,,,
Gaming,14,,,,,,,,
The Highest Service revenue was Printing Pages,,,,,,,,,
,,,,,,,,,
8. Create frequency tables,,,,,,,,,
Costumer,,Gender,,Gaming,,,,,
Students,Total,Male,Female,Yes,No,,,,
Yes,38,23,15,10,28,,,,
No,12,5,7,4,8,,,,
,,,,,,,,,
9. Create charts for sales trends and service revenue,,,,,,,,,
,,,,,,,,,
Sales Trend,,,,,,,,,
Days,Total Revenue,,,,,,,,
Mon,1500,,,,,,,,
Tue,1410,,,,,,,,
Wed,1215,,,,,,,,
Thu,1305,,,,,,,,
Fri,1450,,,,,,,,
Sat,1310,,,,,,,,
Sun,1500,,,,,,,,
Total,9690,,,,,,,,
,,,,,,,,,
,,,,,,,,,
,,,,,,,,,
,,,,,,,,,
,,,,,,,,,
,,,,,,,,,
Service Revenue,Total,,,,,,,,
Internet Hours,199,,,,,,,,
Printing Page,415,,,,,,,,
Scanning Page,180,,,,,,,,
Gaming,14,,,,,,,,
,,,,,,,,,
,,,,,,,,,
,,,,,,,,,
,,,,,,,,,
,,,,,,,,,
,,,,,,,,,
,,,,,,,,,
,,,,,,,,,
,,,,,,,,,
Additional(Demoraphics),,,,,,,,,
Students,,,,,,,,,
Yes,38,,,,,,,,
No,12,,,,,,,,
,,,,,,,,,
,,,,,,,,,
,,,,,,,,,
,,,,,,,,,
,,,,,,,,,
,,,,,,,,,
,,,,,,,,,
,,,,,,,,,
,,,,,,,,,
,,,,,,,,,
,,,,,,,,,
Gender,,,,,,,,,
Male,28,,,,,,,,
Female,22,,,,,,,,
,,,,,,,,,
,,,,,,,,,
,,,,,,,,,
,,,,,,,,,
,,,,,,,,,
,,,,,,,,,
,,,,,,,,,
,,,,,,,,,
,,,,,,,,,
,,,,,,,,,
,,,,,,,,,
,,,,,,,,,
Gaming,,,,,,,,,
Yes,14,,,,,,,,
No,36,,,,,,,,
,,,,,,,,,
,,,,,,,,,
,,,,,,,,,
,,,,,,,,,
,,,,,,,,,
,,,,,,,,,
,,,,,,,,,
,,,,,,,,,
,,,,,,,,,
,,,,,,,,,
,,,,,,,,,
,,,,,,,,,
10. Calculate correlation between Internet Hours and Total Sales,,,,,,,,,
Correlation,0.755630766,,,,,,,,
There is a strong positive correlation (r = 0.7556) between Internet Hours and Total Sales. This means that an increase in the number of internet hours used by customers strongly corresponds to higher overall sales for the computer shop.,,,,,,,,,
,,,,,,,,,
11. Identify the top 5 transactions,,,,,,,,,
Top 5,Transaction_ID,Revenue,,,,,,,
1,T1025,365,,,,,,,
2,T1026,340,,,,,,,
3,T1031,310,,,,,,,
4,T1022,285,,,,,,,
5,T1001,270,,,,,,,
