Transaction_ID,Day,Day_of_Week,Costumer_Age,Gender,Student,Internet_Hours,Printing_Pages,Scanning_Pages,Gaming,Total_Sales
T1000,1,Mon,29,Male,Yes,5,11,4,No,220
T1001,2,Tue,22,Female,Yes,8,0,7,No,270
T1002,3,Wed,27,Female,Yes,7,1,0,No,180
T1003,4,Thu,18,Female,No,3,2,6,Yes,205
T1004,5,Fri,18,Female,Yes,1,10,6,Yes,195
T1005,6,Sat,19,Female,Yes,4,10,1,No,160
T1006,7,Sun,18,Female,No,3,10,4,Yes,225
T1007,8,Mon,29,Male,Yes,4,6,2,No,150
T1008,9,Tue,18,Male,Yes,1,15,5,No,150
T1009,10,Wed,33,Female,Yes,6,0,5,No,200
T1010,11,Thu,23,Male,Yes,3,14,6,No,205
T1011,12,Fri,28,Female,Yes,4,6,6,Yes,250
T1012,13,Sat,33,Male,No,2,10,4,No,140
T1013,14,Sun,27,Female,Yes,3,12,2,No,155
T1014,15,Mon,30,Male,Yes,7,3,0,Yes,250
T1015,16,Tue,18,Male,No,2,5,7,No,145
T1016,17,Wed,17,Male,Yes,8,1,3,No,235
T1017,18,Thu,19,Male,Yes,1,10,2,No,95
T1018,19,Fri,35,Male,Yes,3,8,3,No,145
T1019,20,Sat,30,Male,No,1,8,0,No,65
T1020,21,Sun,34,Male,Yes,2,15,7,Yes,255
T1021,22,Mon,32,Male,Yes,3,9,1,No,130
T1022,23,Tue,33,Male,Yes,8,15,1,No,285
T1023,24,Wed,27,Female,Yes,4,11,1,No,165
T1024,25,Thu,30,Female,No,2,9,0,No,95
T1025,26,Fri,29,Female,Yes,8,15,3,Yes,365
T1026,27,Sat,28,Female,No,8,14,7,No,340
T1027,28,Sun,35,Female,Yes,5,15,3,No,230
T1028,29,Mon,26,Male,Yes,7,3,0,No,190
T1029,30,Tue,27,Male,Yes,4,14,4,No,210
T1030,31,Wed,30,Female,No,4,0,5,Yes,210
T1031,32,Thu,34,Female,No,6,14,3,Yes,310
T1032,33,Fri,23,Female,No,7,13,2,No,260
T1033,34,Sat,31,Female,Yes,3,6,7,Yes,235
T1034,35,Sun,24,Male,No,8,5,1,No,235
T1035,36,Mon,32,Male,Yes,5,14,3,No,225
T1036,37,Tue,23,Male,Yes,5,12,2,Yes,265
T1037,38,Wed,21,Female,Yes,2,4,7,No,140
T1038,39,Thu,25,Male,Yes,4,8,4,Yes,240
T1039,40,Fri,24,Male,No,1,13,0,No,90
T1040,41,Sat,33,Female,Yes,1,15,1,No,110
T1041,42,Sun,24,Male,Yes,6,0,6,No,210
T1042,43,Mon,17,Male,Yes,3,4,2,No,115
T1043,44,Tue,18,Male,Yes,1,2,5,No,85
T1044,45,Wed,18,Male,Yes,1,2,5,No,85
T1045,46,Thu,34,Male,Yes,1,12,7,No,155
T1046,47,Fri,29,Female,Yes,1,10,1,Yes,145
T1047,48,Sat,32,Female,Yes,8,0,6,No,260
T1048,49,Sun,32,Male,Yes,1,7,7,Yes,190
T1049,50,Mon,35,Male,Yes,4,12,6,No,220
